{
  "per_day": {
    "-2": {
      "n_rows": 9187.0,
      "adf_stat": -3.4525484314069064,
      "adf_p": 0.009292731643019223,
      "ou_phi": -0.2539717599421465,
      "ou_halflife_ticks": 0.5057503799075628,
      "vr2": 0.7461533281916398,
      "vr5": 0.4865236037205295,
      "vr10": 0.385424548387255,
      "vr50": 0.2934543000716159,
      "vr200": 0.23125838547135721,
      "ret_std": 0.6013849206904
    },
    "-1": {
      "n_rows": 9224.0,
      "adf_stat": -4.735263766980635,
      "adf_p": 7.22118382451952e-05,
      "ou_phi": -0.2548608393641977,
      "ou_halflife_ticks": 0.5070432408725268,
      "vr2": 0.7452264345352269,
      "vr5": 0.4834879048941132,
      "vr10": 0.3892124505380061,
      "vr50": 0.2671908111163064,
      "vr200": 0.21244160012758934,
      "ret_std": 0.6057514837766862
    },
    "0": {
      "n_rows": 9231.0,
      "adf_stat": -3.1571796852271983,
      "adf_p": 0.02260097707475503,
      "ou_phi": -0.25194806325034147,
      "ou_halflife_ticks": 0.5028153312525129,
      "vr2": 0.7479853625875026,
      "vr5": 0.4985703492503965,
      "vr10": 0.4058465256626449,
      "vr50": 0.3102897105660863,
      "vr200": 0.2734461488560471,
      "ret_std": 0.5957138438154946
    }
  },
  "dispersion": {
    "adf_stat": {
      "min": -4.735263766980635,
      "max": -3.1571796852271983,
      "mean": -3.7816639612049134,
      "cv": 0.4172988657751145,
      "flag": "NOT STABLE"
    },
    "adf_p": {
      "min": 7.22118382451952e-05,
      "max": 0.02260097707475503,
      "mean": 0.010655306852006483,
      "cv": 2.114323458668624,
      "flag": "NOT STABLE"
    },
    "ou_phi": {
      "min": -0.2548608393641977,
      "max": -0.25194806325034147,
      "mean": -0.2535935541855619,
      "cv": 0.011486002170720962,
      "flag": "stable"
    },
    "ou_halflife_ticks": {
      "min": 0.5028153312525129,
      "max": 0.5070432408725268,
      "mean": 0.5052029840108675,
      "cv": 0.008368734456887158,
      "flag": "stable"
    },
    "vr2": {
      "min": 0.7452264345352269,
      "max": 0.7479853625875026,
      "mean": 0.7464550417714565,
      "cv": 0.00369604048185991,
      "flag": "stable"
    },
    "vr5": {
      "min": 0.4834879048941132,
      "max": 0.4985703492503965,
      "mean": 0.48952728595501305,
      "cv": 0.030810222001944478,
      "flag": "stable"
    },
    "vr10": {
      "min": 0.385424548387255,
      "max": 0.4058465256626449,
      "mean": 0.39349450819596865,
      "cv": 0.05189901472581501,
      "flag": "stable"
    },
    "vr50": {
      "min": 0.2671908111163064,
      "max": 0.3102897105660863,
      "mean": 0.29031160725133615,
      "cv": 0.14845737605133782,
      "flag": "stable"
    },
    "vr200": {
      "min": 0.21244160012758934,
      "max": 0.2734461488560471,
      "mean": 0.23904871148499787,
      "cv": 0.25519714517384584,
      "flag": "stable"
    }
  }
}