trader,n,mean_edge_close,boot_p_one_sided,ci_lo,ci_hi
Mark 67,165,165.21818181818182,0.0,129.94037878787879,201.58704545454546
Mark 14,2172,19.431629834254142,0.0,13.015751611418048,25.68430018416205
Mark 01,1843,5.48046663049376,0.006,1.1920103092783505,9.879551003798154
Mark 22,1584,-10.981691919191919,0.0,-14.080366161616162,-8.030863320707072
Mark 55,1198,-11.021702838063439,0.0165,-20.771755008347245,-1.2397224540901584
Mark 38,1478,-22.74830852503383,0.0,-29.85694350473613,-15.072006089309882
Mark 49,122,-125.78688524590164,0.0,-175.80215163934426,-74.77868852459018
