trader,n_fills,gross_qty,n_buys,n_sells,edge_close_total,edge_close_per_fill,edge_close_per_unit,edge_5k_total,edge_5k_per_unit,edge_50k_total,edge_50k_per_unit,timing_mean
Mark 14,2172,8718,1127,1045,42205.5,19.431629834254142,4.841190640055059,49609.0,5.690410644643267,44042.0,5.051846753842624,0.04869555928947182
Mark 67,165,1510,165,0,27261.0,165.21818181818182,18.05364238410596,1746.0,1.1562913907284769,337.5,0.22350993377483444,-0.03154444964691644
Mark 01,1843,7428,1599,244,10100.5,5.48046663049376,1.3597872913301023,10270.0,1.382606354334949,8041.0,1.0825255788906838,0.11640645758810755
Mark 55,1198,6551,598,600,-13204.0,-11.021702838063439,-2.015570141963059,-13188.5,-2.0132040909784767,-12777.5,-1.9504655777743856,-0.025002047779098716
Mark 49,122,1186,17,105,-15346.0,-125.78688524590164,-12.93929173693086,-1189.5,-1.0029510961214165,-606.5,-0.5113827993254637,0.02830598130315055
Mark 22,1584,5889,42,1542,-17395.0,-10.981691919191919,-2.9538121922227885,-3680.0,-0.6248938699269825,-2676.5,-0.4544914246901002,-0.13705521967644185
Mark 38,1478,5000,733,745,-33622.0,-22.74830852503383,-6.7244,-43567.0,-8.7134,-36360.0,-7.272,-0.0572366343680771
