strike,wall_avail_pct,wall_eq_mid_pct,abs_diff_med,abs_diff_p95,abs_diff_max
4000,100.0,43.519999999999996,0.5,0.5,6.0
4500,100.0,76.82333333333334,0.0,0.5,5.0
5000,100.0,50.71666666666667,0.0,0.5,2.5
5100,100.0,52.400000000000006,0.0,0.5,2.0
5200,100.0,65.38666666666667,0.0,0.5,1.5
5300,100.0,73.32333333333332,0.0,0.5,1.0
5400,100.0,90.35666666666667,0.0,0.5,0.5
5500,100.0,96.07,0.0,0.0,0.5
6000,100.0,100.0,0.0,0.0,0.0
6500,100.0,100.0,0.0,0.0,0.0
