{
  "regime_definition": {
    "rule": "rolling_vol = df['mmbot_mid'].diff().rolling(200).std()  # 2-line rule line 1\nregime = 'high_vol' if rolling_vol > GLOBAL_P60_THRESHOLD else 'low_vol'  # line 2",
    "feature": "rolling_vol = 200-tick rolling stddev of mmbot_mid 1-tick increments",
    "threshold": "p60 of rolling_vol pooled across all 3 days = 1.1658",
    "global_threshold": 1.1658154347924032,
    "roll_window": 200
  },
  "per_day_regime_summary": {
    "-2": {
      "high_vol": 4178,
      "low_vol": 5009,
      "total": 9187,
      "global_threshold": 1.1658154347924032
    },
    "-1": {
      "high_vol": 3217,
      "low_vol": 6008,
      "total": 9225,
      "global_threshold": 1.1658154347924032
    },
    "0": {
      "high_vol": 3543,
      "low_vol": 5689,
      "total": 9232,
      "global_threshold": 1.1658154347924032
    }
  },
  "per_day_rolling_vol_stats": {
    "-2": {
      "mean": 1.152981878566993,
      "median": 1.1548891047287224,
      "std": 0.1625181396132078,
      "p90": 1.3727928795600572
    },
    "-1": {
      "mean": 1.1101457696802215,
      "median": 1.1059909947201252,
      "std": 0.1790047834157704,
      "p90": 1.3426605814955193
    },
    "0": {
      "mean": 1.130616170238911,
      "median": 1.1110879036389507,
      "std": 0.1842718653606024,
      "p90": 1.3745145328460575
    }
  },
  "regime_composition_per_day": {
    "-2": {
      "high_vol": 2880.98726461304,
      "low_vol": 3454.01273538696,
      "gt_pnl": 6335.0,
      "hv_frac": 0.4547730488734081,
      "lv_frac": 0.5452269511265919
    },
    "-1": {
      "high_vol": 2431.319674796748,
      "low_vol": 4540.680325203252,
      "gt_pnl": 6972.0,
      "hv_frac": 0.34872628726287264,
      "lv_frac": 0.6512737127371274
    },
    "0": {
      "high_vol": 2014.428834488735,
      "low_vol": 3234.571165511265,
      "gt_pnl": 5249.0,
      "hv_frac": 0.3837738301559792,
      "lv_frac": 0.6162261698440208
    }
  },
  "a1_stats_pooled": {
    "high_vol": {
      "n": 10938,
      "adf_stat": -4.662421821760569,
      "adf_p": 9.894928182113188e-05,
      "ou_phi": 0.9655883811685048,
      "halflife": 19.794227720249452,
      "vr2": 0.5505518591148899,
      "vr5": 0.28624109156573063,
      "vr10": 0.19767316497631435,
      "vr50": 0.12689015478855062,
      "vr200": 0.0977494831751847
    },
    "low_vol": {
      "n": 16706,
      "adf_stat": -5.359006043446186,
      "adf_p": 4.127642049175612e-06,
      "ou_phi": 0.9732152610264077,
      "halflife": 25.53029520180809,
      "vr2": 0.5679855756999677,
      "vr5": 0.3044149405915802,
      "vr10": 0.21593119197808916,
      "vr50": 0.130788118374507,
      "vr200": 0.09930658249654702
    }
  },
  "a1_stats_per_day_per_regime": {
    "-2": {
      "high_vol": {
        "n": 4178,
        "adf_stat": -3.0120806911164557,
        "adf_p": 0.03378151415605006,
        "ou_phi": 0.9636546609862382,
        "halflife": 18.72243159614102,
        "vr2": 0.5464937656417783,
        "vr5": 0.2879393482978854,
        "vr10": 0.20109958490050042,
        "vr50": 0.12095512682054116,
        "vr200": 0.10418940500580989
      },
      "low_vol": {
        "n": 5009,
        "adf_stat": -3.1341927728663546,
        "adf_p": 0.024124092189241976,
        "ou_phi": 0.9702493665650185,
        "halflife": 22.9502507122034,
        "vr2": 0.5430529331596786,
        "vr5": 0.29436437790684566,
        "vr10": 0.21165803499715968,
        "vr50": 0.13643610161137082,
        "vr200": 0.10688953351622267
      }
    },
    "-1": {
      "high_vol": {
        "n": 3217,
        "adf_stat": -3.583093816824927,
        "adf_p": 0.006092585785953121,
        "ou_phi": 0.9410928096354813,
        "halflife": 11.416686622623072,
        "vr2": 0.549700203985483,
        "vr5": 0.28815029617349663,
        "vr10": 0.20462461109030006,
        "vr50": 0.14305218561454083,
        "vr200": 0.09576872317827138
      },
      "low_vol": {
        "n": 6008,
        "adf_stat": -4.660485186270439,
        "adf_p": 9.977562888622515e-05,
        "ou_phi": 0.9560457157979498,
        "halflife": 15.42055979894633,
        "vr2": 0.5810822909574748,
        "vr5": 0.3165448535823567,
        "vr10": 0.22353688416082365,
        "vr50": 0.12520232679172277,
        "vr200": 0.08376067777112854
      }
    },
    "0": {
      "high_vol": {
        "n": 3543,
        "adf_stat": -2.4608396850764342,
        "adf_p": 0.12529544416293292,
        "ou_phi": 0.963938622699326,
        "halflife": 18.872622428709207,
        "vr2": 0.5523825573752822,
        "vr5": 0.27600340486926567,
        "vr10": 0.18240251026256435,
        "vr50": 0.11488706932238307,
        "vr200": 0.091754100502603
      },
      "low_vol": {
        "n": 5689,
        "adf_stat": -2.5865086123893164,
        "adf_p": 0.09581784574011543,
        "ou_phi": 0.9795811822092501,
        "halflife": 33.59872411763521,
        "vr2": 0.5784188275407364,
        "vr5": 0.30158330986189724,
        "vr10": 0.21227803072656323,
        "vr50": 0.13249813752277836,
        "vr200": 0.10921699840953876
      }
    }
  },
  "pnl_per_regime_merged": {
    "high_vol": 7326.735773898523,
    "low_vol": 11229.264226101477,
    "high_vol_tick_frac": 0.3956735638836637,
    "low_vol_tick_frac": 0.6043264361163363
  },
  "day0_distinctness": {
    "finding": "Day 0 mixes into both regimes; does NOT form its own cluster.",
    "evidence": "Day 0 high_vol fraction closely matches Days -2/-1. The longer characteristic timescale in Day 0 (halfperiod ~2284 vs ~1137-1314) manifests as slightly elevated rolling_vol p90 but not a separate cluster."
  }
}