{
  "ticks_by_day": {
    "0": {
      "n_ticks": 10000,
      "n_full": 10000
    },
    "1": {
      "n_ticks": 10000,
      "n_full": 10000
    },
    "2": {
      "n_ticks": 10000,
      "n_full": 10000
    }
  },
  "ticks_total": 30000,
  "r2": {
    "with5100": {
      "n": 30000,
      "mean": 0.22155209537224962,
      "stdev": 0.19727723995036098,
      "median": 0.17038574027103293,
      "abs_mean": 0.22155209537224962,
      "p05": 0.01266063193052796,
      "p50": 0.17038574027103293,
      "p95": 0.6521825584932445,
      "abs_p95": 0.6521825584932445,
      "abs_p50": 0.17038574027103293,
      "autocorr_lag1": 0.5935235397651343
    },
    "without5100": {
      "n": 30000,
      "mean": 0.23231412369432328,
      "stdev": 0.22851016885969572,
      "median": 0.1643005130740291,
      "abs_mean": 0.23231412369432328,
      "p05": 0.009428804955643123,
      "p50": 0.1643005130740291,
      "p95": 0.7778688317453298,
      "abs_p95": 0.7778688317453298,
      "abs_p50": 0.1643005130740291,
      "autocorr_lag1": 0.6758834912054165
    },
    "delta": {
      "n": 30000,
      "mean": 0.010762028322073663,
      "stdev": 0.07775718215643816,
      "median": -0.0036445510900351974,
      "abs_mean": 0.046196799516694205,
      "p05": -0.07167709299342487,
      "p50": -0.0036445510900351974,
      "p95": 0.15207176550005988,
      "abs_p95": 0.15227019980946996,
      "abs_p50": 0.027709428401594516,
      "autocorr_lag1": 0.5836309905159246
    }
  },
  "smile_coeffs": {
    "with5100": {
      "a": {
        "n": 30000,
        "mean": 0.03046484954983486,
        "stdev": 0.03939710748463614,
        "median": 0.03222755200238414,
        "abs_mean": 0.03911051232884491,
        "p05": -0.02572380041833447,
        "p50": 0.03222755200238414,
        "p95": 0.08534598371898476,
        "abs_p95": 0.08651535015834806,
        "abs_p50": 0.03475434560275298,
        "autocorr_lag1": 0.509103801580219
      },
      "b": {
        "n": 30000,
        "mean": 0.0017039534454490976,
        "stdev": 0.009681274914866719,
        "median": 0.001819108822463214,
        "abs_mean": 0.007254892618086847,
        "p05": -0.0130995726073899,
        "p50": 0.001819108822463214,
        "p95": 0.015585820351274161,
        "abs_p95": 0.018200586331480303,
        "abs_p50": 0.005809516078448101,
        "autocorr_lag1": 0.4278547337741544
      },
      "c": {
        "n": 30000,
        "mean": 0.23947876836198337,
        "stdev": 0.002198831497077105,
        "median": 0.23957193215078365,
        "abs_mean": 0.23947876836198337,
        "p05": 0.23594172387268286,
        "p50": 0.23957193215078365,
        "p95": 0.24274126325225945,
        "abs_p95": 0.24274126325225945,
        "abs_p50": 0.23957193215078365,
        "autocorr_lag1": 0.7762602235789089
      }
    },
    "without5100": {
      "a": {
        "n": 30000,
        "mean": 0.029912123968472898,
        "stdev": 0.039920536109455965,
        "median": 0.032567066511874534,
        "abs_mean": 0.039780344364112784,
        "p05": -0.029300588605189765,
        "p50": 0.032567066511874534,
        "p95": 0.08631091052818751,
        "abs_p95": 0.0873874630021241,
        "abs_p50": 0.03631859132510838,
        "autocorr_lag1": 0.5900785160378121
      },
      "b": {
        "n": 30000,
        "mean": 0.0012077307824360825,
        "stdev": 0.009821431414296596,
        "median": 0.0009756650232795747,
        "abs_mean": 0.006603332721283301,
        "p05": -0.0125318788705602,
        "p50": 0.0009756650232795747,
        "p95": 0.014470662948645496,
        "abs_p95": 0.018474161953442033,
        "abs_p50": 0.004962584717853722,
        "autocorr_lag1": 0.23426572978822285
      },
      "c": {
        "n": 30000,
        "mean": 0.23973288668880008,
        "stdev": 0.0029018511649866628,
        "median": 0.24015744416269436,
        "abs_mean": 0.23973288668880008,
        "p05": 0.23491754312462157,
        "p50": 0.24015744416269436,
        "p95": 0.2439352191297403,
        "abs_p95": 0.2439352191297403,
        "abs_p50": 0.24015744416269436,
        "autocorr_lag1": 0.8683393829811209
      }
    },
    "delta_c": {
      "n": 30000,
      "mean": 0.00025411832681671855,
      "stdev": 0.001386016145670327,
      "median": 0.00042630416595838827,
      "abs_mean": 0.001170197267669454,
      "p05": -0.0019029477102438254,
      "p50": 0.00042630416595838827,
      "p95": 0.002327968871706382,
      "abs_p95": 0.0024223642678861514,
      "abs_p50": 0.0011029520195911663,
      "autocorr_lag1": 0.8174389967793274
    }
  },
  "iv_at_5100": {
    "obs": {
      "n": 30000,
      "mean": 0.23965566826224327,
      "stdev": 0.005081738368532871,
      "median": 0.23927561968564984,
      "abs_mean": 0.23965566826224327,
      "p05": 0.23178173126280308,
      "p50": 0.23927561968564984,
      "p95": 0.24791812239587308,
      "abs_p95": 0.24791812239587308,
      "abs_p50": 0.23927561968564984,
      "autocorr_lag1": 0.7544022755169674
    },
    "pred_with": {
      "n": 30000,
      "mean": 0.24042073468922218,
      "stdev": 0.0038257643234271216,
      "median": 0.2404220008295448,
      "abs_mean": 0.24042073468922218,
      "p05": 0.2358854838436718,
      "p50": 0.2404220008295448,
      "p95": 0.24553384272304368,
      "abs_p95": 0.24553384272304368,
      "abs_p50": 0.2404220008295448,
      "autocorr_lag1": 0.1496073211910921
    },
    "pred_without": {
      "n": 30000,
      "mean": 0.24076673664957035,
      "stdev": 0.00463653987636148,
      "median": 0.24081995096666964,
      "abs_mean": 0.24076673664957035,
      "p05": 0.2350354804967642,
      "p50": 0.24081995096666964,
      "p95": 0.24668348557374897,
      "abs_p95": 0.24668348557374897,
      "abs_p50": 0.24081995096666964,
      "autocorr_lag1": 0.18068533867178083
    },
    "obs_minus_pred_with": {
      "n": 30000,
      "mean": -0.000765066426978905,
      "stdev": 0.004275348576394929,
      "median": -0.0013385141795829308,
      "abs_mean": 0.0035885571684033364,
      "p05": -0.006856656999554312,
      "p50": -0.0013385141795829308,
      "p95": 0.005972085323646249,
      "abs_p95": 0.007344333665389735,
      "abs_p50": 0.0033992492844119315,
      "autocorr_lag1": 0.7936190474072573
    },
    "obs_minus_pred_without": {
      "n": 30000,
      "mean": -0.001111068387327083,
      "stdev": 0.0062021031846467,
      "median": -0.0019406553626713646,
      "abs_mean": 0.005204728755202687,
      "p05": -0.009942492163621133,
      "p50": -0.0019406553626713646,
      "p95": 0.008658675108900279,
      "abs_p95": 0.010653475786126142,
      "abs_p50": 0.004929123788411566,
      "autocorr_lag1": 0.793029744515604
    }
  },
  "per_strike_resid_with5100": {
    "5000": {
      "n": 29997,
      "mean": -0.0008735491267079537,
      "stdev": 0.0021194932509207933,
      "median": -0.0006331854313613439,
      "abs_mean": 0.0017345059746656996,
      "p05": -0.004217127516391988,
      "p50": -0.0006331854313613439,
      "p95": 0.002285796776598741,
      "abs_p95": 0.004230300018580196,
      "abs_p50": 0.0013589138771896714,
      "autocorr_lag1": 0.7571919248711815
    },
    "5100": {
      "n": 30000,
      "mean": -0.000765066426978905,
      "stdev": 0.004275348576394929,
      "median": -0.0013385141795829308,
      "abs_mean": 0.0035885571684033364,
      "p05": -0.006856656999554312,
      "p50": -0.0013385141795829308,
      "p95": 0.005972085323646249,
      "abs_p95": 0.007344333665389735,
      "abs_p50": 0.0033992492844119315,
      "autocorr_lag1": 0.7936190474072573
    },
    "5200": {
      "n": 30000,
      "mean": 0.0028799172328281774,
      "stdev": 0.0020678235430920317,
      "median": 0.003095271317721887,
      "abs_mean": 0.0031246076499348895,
      "p05": -0.0011240811122303254,
      "p50": 0.003095271317721887,
      "p95": 0.00596544339679421,
      "abs_p95": 0.00596544339679421,
      "abs_p50": 0.0031019634405676094,